arch,model_size,num_params,N,seed,train_loss_final,val_loss_best,test_loss_final,total_tokens,total_data_bits,total_code_bits,total_mem_bits,bpp,W_rec_fro_norm,steps
GPT,S,181184,16000,0,7.365748168945313,7.6369728797912595,7.789113612365723,1024000,11264000.0,10881565.03631295,382434.9636870492,2.110754612366706,,100000
GPT,S,181184,16000,1,7.366255023956299,7.637015437316895,7.787517807006836,1024000,11264000.0,10882313.823216809,381686.17678319104,2.106621869387976,,100000
GPT,S,181184,16000,2,7.366257411956787,7.636968026733398,7.788338120269775,1024000,11264000.0,10882317.351057027,381682.64894297346,2.106602398351805,,100000
GPT,S,181184,16000,3,7.365928958892822,7.6368828292846676,7.787819334411621,1024000,11264000.0,10881832.120867923,382167.8791320771,2.109280505630062,,100000
GPT,S,181184,16000,4,7.366034065246582,7.636901482391357,7.788851113891601,1024000,11264000.0,10881987.396557225,382012.6034427751,2.1084235001036244,,100000
