arch,model_size,num_params,N,seed,train_loss_final,val_loss_best,test_loss_final,total_tokens,total_data_bits,total_code_bits,total_mem_bits,bpp,W_rec_fro_norm,steps
ESN,S,181184,16000,0,7.4294810905456545,7.647175222015381,7.832107251739502,1024000,11264000.0,10975718.938325549,288281.06167445146,1.591095580594597,17.179824829101562,100000
ESN,S,181184,16000,1,7.420193511962891,7.649920686340332,7.842065217590332,1024000,11264000.0,10961998.215316812,302001.7846831884,1.6668236968120167,21.49649429321289,100000
ESN,S,181184,16000,2,7.432007049560547,7.647337313842773,7.830833242034912,1024000,11264000.0,10979450.587394886,284549.4126051143,1.5704996721847089,15.617788314819336,100000
ESN,S,181184,16000,3,7.429726936340332,7.647794007110596,7.835332678222656,1024000,11264000.0,10976082.131166564,287917.8688334357,1.5890910280898738,16.751625061035156,100000
ESN,S,181184,16000,4,7.432825092315674,7.648427731323242,7.829547618865967,1024000,11264000.0,10980659.098090367,283340.9019096326,1.5638295981412962,15.940098762512207,100000
ESN,S,181184,32000,0,7.532997692108155,7.645874536895752,7.719383975982666,2048000,22528000.0,22257292.110709637,270707.8892903626,1.4941048287396381,17.179824829101562,100000
ESN,S,181184,32000,1,7.5277729415893555,7.648381438446045,7.723970536804199,2048000,22528000.0,22241854.856743094,286145.1432569064,1.579306910416518,21.49649429321289,100000
ESN,S,181184,32000,2,7.534091735839843,7.646077969360352,7.719182002258301,2048000,22528000.0,22260524.615472466,267475.38452753425,1.4762638231164686,15.617788314819336,100000
