arch,model_size,num_params,N,seed,train_loss_final,val_loss_best,test_loss_final,total_tokens,total_data_bits,total_code_bits,total_mem_bits,bpp,W_rec_fro_norm,steps
GPT,S,181184,65536,0,7.563025027513504,7.635238415527343,7.663005389404297,4194304,46137344.0,45764632.69947129,372711.30052871257,2.05708727331725,,500000
GPT,S,181184,131072,0,7.59339565038681,7.632045343780518,7.643962702178955,8388608,92274688.0,91896816.84709848,377871.15290151536,2.0855657944493737,,500000
GPT,S,181184,262144,0,7.6098552122712135,7.625103636169434,7.633729823303223,16777216,184549376.0,184192027.61794767,357348.38205233216,1.9722954678797917,,500000
